id,true_label,check,,overfit,train,anomaly
0,0,,,1,1,1
1,1,,,1,1,1
2,1,,,0,0,0
3,0,,,0,0,0
4,1,0.5,,0,0,0
5,1,0.5,,0,0,1
6,0,0.1,,0,0,1
7,1,,,1,1,1
8,1,,,0,0,0
9,0,,,0,0,0
10,0,,,0,0,1
11,1,,,1,1,1
12,1,,,1,1,1
13,0,0.1,,1,1,1
14,0,,,0,0,0
15,1,,,1,1,1
16,0,0.1,,0,0,0
17,0,0.1,,1,1,1
18,1,,,0,0,0
19,1,0.5,,0,0,0
20,1,0.5,,1,1,1
21,1,,,1,1,1
22,0,0.1,,1,1,1
23,1,0.5,,0,0,0
24,0,,,0,0,0
25,1,0.5,,0,0,1
26,1,,,1,0,1
27,1,,,1,1,1
28,1,0.5,,1,1,1
29,0,,,0,0,0
30,1,0.5,,0,0,0
31,1,,,1,1,1
32,1,,,1,1,1
33,0,0.1,,1,1,1
34,1,,,1,1,1
35,1,,,1,1,1
36,1,0.5,,1,1,1
37,0,0.1,,1,1,1
38,1,0.5,,0,0,1
39,1,0.5,,0,0,0
40,0,0.1,,1,1,1
41,1,,,1,1,1
42,1,,,1,1,0
43,1,,,0,0,0
44,1,,,1,1,1
45,0,,,0,0,0
46,1,,,1,1,1
47,0,,,0,0,0
48,0,0.1,,1,1,1
49,1,,,0,0,0
50,0,,,1,1,1
51,1,,,0,0,0
52,1,,,1,0,0
53,1,0.5,,1,1,1
54,1,,,0,1,0
55,0,0.2,,0,0,0
56,1,,,1,1,1
57,1,0.5,,1,1,1
58,0,,,0,0,0
59,1,,,1,1,1
60,0,0.1,,1,1,1
61,1,,,1,1,1
62,1,,,0,0,0
63,0,,,0,0,0
64,0,,,0,0,0
65,1,,,1,1,1
66,1,,,0,0,0
67,1,,,1,1,1
68,0,0.1,,1,1,1
69,0,,,0,0,0
70,0,,,0,0,0
71,0,0.5,,0,0,0
72,1,,,0,0,0
73,0,,,0,0,0
74,1,,,1,1,1
75,1,0.5,,0,0,0
76,1,,,0,1,1
77,1,0.5,,0,0,0
78,0,,,0,1,0
79,1,,,1,1,0
80,0,,,0,0,0
81,1,,,1,0,1
82,0,,,0,0,0
83,1,,,1,1,1
84,1,,,1,1,1
85,1,,,1,1,1
86,0,,,0,0,0
87,0,0.1,,1,1,1
88,1,,,1,1,1
89,1,,,1,1,1
90,1,0.5,,0,0,0
91,0,,,1,1,1
92,1,0.5,,0,0,0
93,1,,,1,1,1
94,1,,,0,0,0
95,1,,,1,1,1
96,0,,,0,0,0
97,1,,,1,1,1
98,0,,,1,1,0
99,1,0.5,,0,0,0
100,1,0.5,,0,0,0
101,1,,,1,1,0
102,1,,,0,0,0
103,0,0.1,,1,1,1
104,1,0.5,,0,0,0
105,1,,,0,0,0
106,1,,,0,0,0
107,0,0.1,,1,1,1
108,1,,,1,1,1
109,1,,,1,1,1
110,1,,,0,0,0
111,1,,,0,0,0
112,1,0.5,,0,0,0
113,0,,,0,0,0
114,1,,,1,1,1
115,1,,,1,1,1
116,0,,,0,0,0
117,1,,,0,0,0
118,0,,,0,0,0
119,1,,,0,0,0
120,0,,,1,1,1
121,1,,,1,1,1
122,0,0.1,,0,0,0
123,1,,,0,0,0
124,0,,,0,0,0
125,0,,,1,1,1
126,1,,,0,1,0
127,1,,,1,1,1
128,0,,,0,0,0
129,0,0.1,,1,1,1
130,1,,,1,1,1
131,1,,,1,1,1
132,1,,,0,0,0
133,1,,,1,1,1
134,1,,,1,1,1
135,1,,,1,0,1
136,1,0.5,,0,0,0
137,0,,,1,1,1
138,1,0.5,,0,0,0
139,1,,,1,1,1
140,1,,,0,1,1
141,1,0.5,,0,0,0
142,1,0.5,,0,0,0
143,1,,,0,0,0
144,0,,,1,1,1
145,1,0.5,,0,0,0
146,0,0.1,,1,0,0
147,1,,,1,1,1
148,0,0.1,,0,0,0
149,0,,,1,1,1
150,1,,,0,0,0
151,1,0.5,,0,0,0
152,1,,,0,0,0
153,1,,,0,0,0
154,1,,,1,1,1
155,0,0.1,,0,0,0
156,0,,,1,1,1
157,1,,,0,0,1
158,1,,,1,1,1
159,0,,,1,1,1
160,1,,,0,0,0
161,1,0.5,,1,1,1
162,0,,,0,0,0
163,1,,,0,0,0
164,0,,,0,1,0
165,0,,,1,1,1
166,0,,,1,1,1
167,0,,,0,0,0
168,1,,,0,0,0
169,0,,,0,0,0
170,0,,,1,1,1
171,0,,,0,0,0
172,1,,,0,0,0
173,1,,,1,1,1
174,1,,,0,0,0
175,0,0.1,,1,1,1
176,1,,,1,1,1
177,1,,,1,1,1
178,1,,,1,1,1
179,1,,,1,1,1
180,0,0.1,,1,1,1
181,1,,,1,1,1
182,0,,,0,0,0
183,0,,,0,0,0
184,1,,,1,1,1
185,1,,,0,0,0
186,1,,,1,1,1
187,0,,,1,1,1
188,1,,,0,0,0
189,1,,,1,1,1
190,0,,,1,1,1
191,1,,,1,1,1
192,1,,,1,1,1
193,0,0.1,,1,1,0
194,0,,,0,0,1
195,1,,,0,0,0
196,1,,,0,0,0
197,1,,,0,0,0
198,1,,,0,0,0
199,1,,,1,1,1
200,0,,,0,0,0
201,0,,,1,1,1
202,1,,,1,1,1
203,1,,,0,0,0
204,0,,,1,1,1
205,1,,,0,0,0
206,1,,,0,0,1
207,1,,,1,1,1
208,1,0.5,,0,0,0
209,0,,,0,0,0
210,0,,,1,0,0
211,0,,,0,0,0
212,1,,,0,0,0
213,0,,,1,1,1
214,1,,,1,1,1
215,0,,,0,0,0
216,1,,,1,1,1
217,1,,,1,1,1
218,0,,,0,0,0
219,0,0.1,,1,1,0
220,0,,,1,0,0
221,0,,,0,0,0
222,0,,,1,1,1
223,1,,,0,0,0
224,1,,,1,1,1
225,0,,,0,0,0
226,0,,,0,0,0
227,0,0.1,,0,1,0
228,1,,,1,1,1
229,0,,,0,0,0
230,0,,,0,0,0
231,1,,,0,0,0
232,1,,,0,0,0
233,1,,,1,1,1
234,1,,,0,1,0
235,0,0.1,,1,1,1
236,1,,,1,1,1
237,0,,,0,0,0
238,1,,,0,0,0
239,0,,,0,0,0
240,0,,,1,1,1
241,1,,,1,1,1
242,1,,,0,0,0
243,1,,,1,1,1
244,0,,,0,0,0
245,0,,,0,0,0
246,1,,,0,0,0
247,1,0.5,,0,0,0
248,1,,,1,1,1
249,0,,,0,0,0
250,1,,,0,0,0
251,1,,,1,1,0
252,0,,,1,1,1
253,1,,,0,0,0
254,1,,,0,0,0
255,1,,,1,1,1
256,1,,,0,0,0
257,1,,,0,0,0
258,0,,,0,0,0
259,1,,,0,0,1
260,1,0.5,,0,0,0
261,0,,,1,0,1
262,1,,,0,0,0
263,0,0.1,,1,1,1
264,0,,,1,1,1
265,1,,,1,1,1
266,0,,,0,0,1
267,1,,,1,1,1
268,0,,,1,1,1
269,0,0.1,,1,1,1
270,1,,,1,1,1
271,1,0.5,,0,0,0
272,0,,,1,1,1
273,1,,,0,0,0
274,0,,,0,0,0
275,0,,,0,0,0
276,1,,,1,0,1
277,0,,,1,1,1
278,0,,,0,0,0
279,1,,,1,1,1
280,0,,,0,0,0
281,0,,,0,0,0
282,1,,,0,0,0
283,1,,,0,1,0
284,1,,,0,0,0
285,0,,,0,0,0
286,0,,,0,0,0
287,1,,,0,0,0
288,1,,,1,1,1
289,1,,,0,0,0
290,1,,,0,0,0
291,1,,,0,0,1
292,1,,,0,1,0
293,1,,,1,1,1
294,0,,,1,1,0
295,1,,,1,1,0
296,1,,,1,1,1
297,1,,,1,1,1
298,1,,,1,1,1
299,1,,,1,1,1
300,1,,,1,1,1
301,0,,,1,1,1
302,0,,,0,0,0
303,1,,,0,0,0
304,0,,,1,1,1
305,1,,,0,0,0
306,1,,,1,1,1
307,0,,,1,1,1
308,0,,,0,1,0
309,1,,,0,0,1
310,1,,,1,1,1
311,1,,,0,0,0
312,0,,,1,1,1
313,1,,,1,1,0
314,1,,,0,0,0
315,0,,,1,1,1
316,1,,,0,0,0
317,0,,,1,1,1
318,1,,,1,0,1
319,1,,,1,1,1
320,1,,,0,0,0
321,1,0.5,,1,1,1
322,1,,,1,1,1
323,1,,,1,1,1
324,1,,,0,0,0
325,0,,,1,1,1
326,1,,,1,1,1
327,1,,,0,0,0
328,1,,,0,1,0
329,1,,,0,0,0
330,1,,,1,1,1
331,0,,,0,0,0
332,1,,,1,1,1
333,1,,,0,0,0
334,1,,,1,1,1
335,1,,,0,0,0
336,0,,,0,0,0
337,0,,,1,0,1
338,0,,,0,0,0
339,1,,,1,1,1
340,1,,,0,0,0
341,1,,,0,0,0
342,0,,,1,1,1
343,0,,,0,0,0
344,0,,,0,1,0
345,1,,,0,0,0
346,0,,,0,0,0
347,1,,,0,0,0
348,0,,,1,1,1
349,1,,,1,1,1
350,1,,,1,1,1
351,0,,,0,0,0
352,1,,,0,0,0
353,1,,,0,0,0
354,1,,,0,0,0
355,1,,,1,1,1
356,0,,,0,1,0
357,1,0.5,,0,0,0
358,1,,,1,1,1
359,1,,,0,0,0
360,1,,,0,0,0
361,1,,,0,0,0
362,1,,,1,1,1
363,1,,,1,1,1
364,1,,,1,1,1
365,0,,,1,1,1
366,1,,,1,1,1
367,1,,,1,1,1
368,1,,,1,1,1
369,1,,,0,0,0
370,0,,,1,1,1
371,0,,,0,0,0
372,0,,,1,0,0
373,0,,,1,1,1
374,0,,,0,0,0
375,1,,,1,1,1
376,1,,,0,0,0
377,0,,,0,0,0
378,1,,,1,1,1
379,0,,,1,1,0
380,1,,,0,0,0
381,1,,,1,1,1
382,1,,,1,1,1
383,1,,,0,0,0
384,1,0.5,,1,1,1
385,1,,,1,1,1
386,1,,,1,1,1
387,1,0.5,,0,0,0
388,1,,,1,1,1
389,0,,,0,0,0
390,1,,,0,0,0
391,0,,,0,0,0
392,1,,,0,0,0
393,1,,,0,1,0
394,1,,,0,0,0
395,1,,,1,1,1
396,1,0.5,,1,1,1
397,0,0.1,,1,1,1
398,1,0.5,,0,0,0
399,1,,,0,0,0
400,1,,,1,1,1
401,1,,,0,0,0
402,1,,,0,0,1
403,1,,,1,1,0
404,1,,,1,1,1
405,1,,,1,1,1
406,0,,,0,0,0
407,1,,,0,0,0
408,0,,,1,1,1
409,1,,,0,0,0
410,1,,,1,1,1
411,0,,,0,0,0
412,1,,,1,1,1
413,1,,,1,1,1
414,0,0.1,,1,0,1
415,1,0.5,,0,0,0
416,0,,,0,0,0
417,1,,,1,1,1
418,0,,,1,1,1
419,1,,,0,0,0
420,0,,,0,0,0
421,0,,,0,0,0
422,1,,,0,0,0
423,1,,,0,0,0
424,1,0.5,,0,0,0
425,1,,,0,0,0
426,1,,,1,1,0
427,0,0.1,,1,1,1
428,1,,,1,1,1
429,0,,,0,0,0
430,1,,,1,1,1
431,1,,,0,0,0
432,1,,,0,0,1
433,1,,,0,0,0
434,1,,,0,0,0
435,1,,,0,0,0
436,1,,,1,1,1
437,0,,,1,1,1
438,1,,,0,0,0
439,1,,,0,0,0
440,1,,,0,0,0
441,1,,,1,1,1
442,1,,,0,0,0
443,1,,,1,1,1
444,0,,,0,0,0
445,0,0.1,,0,1,0
446,1,,,1,1,1
447,1,,,1,1,1
448,1,,,0,0,0
449,1,,,1,1,1
450,1,,,1,1,1
451,0,,,0,1,0
452,1,,,0,0,1
453,0,,,1,1,1
454,1,,,0,0,0
455,1,,,0,0,0
456,1,,,1,1,1
457,0,,,0,0,0
458,0,,,0,0,0
459,0,0.1,,0,0,0
460,1,,,1,1,1
461,0,,,0,1,0
462,1,,,1,1,1
463,1,,,0,0,0
464,1,,,1,1,1
465,0,,,0,0,0
466,1,0.5,,0,0,0
467,0,,,1,1,1
468,0,,,1,1,1
469,0,,,1,1,0
470,1,,,0,0,0
471,0,,,1,1,1
472,1,,,0,0,0
473,1,,,0,0,0
474,0,,,0,0,0
475,0,,,0,0,0
476,0,,,1,1,1
477,1,,,1,1,1
478,1,,,1,1,1
479,0,,,0,0,0
480,0,,,1,1,1
481,1,,,1,1,1
482,1,0.5,,0,0,0
483,0,0.5,,1,1,1
484,1,0.5,,0,0,0
485,1,,,0,0,0
486,1,,,0,0,0
487,1,,,1,1,0
488,0,,,1,1,1
489,1,,,0,0,0
490,1,0.5,,0,0,0
491,1,,,0,0,0
492,1,,,0,0,1
493,1,,,1,1,1
494,1,,,1,1,0
495,1,0.5,,0,0,0
496,0,,,1,1,1
497,1,,,0,0,0
498,0,,,0,0,0
499,1,,,1,1,1
500,1,,,1,1,1
501,1,,,0,1,0
502,1,,,1,1,1
503,1,0.5,,0,0,0
504,1,,,0,0,0
505,1,0.5,,0,0,0
506,1,,,0,0,0
507,1,,,1,1,1
508,1,,,1,1,1
509,1,,,0,0,0
510,1,,,0,0,0
511,1,,,0,0,0
512,0,,,0,0,0
513,1,,,1,1,1
514,1,,,0,0,0
515,0,,,0,0,0
516,0,,,0,0,0
517,1,,,1,1,1
518,1,,,1,1,1
519,0,,,1,1,1
520,0,,,1,1,1
521,1,,,0,0,0
522,1,,,1,1,0
523,0,,,1,1,1
524,1,,,1,0,0
525,0,,,1,1,1
526,1,,,0,0,0
527,0,,,1,1,1
528,0,,,0,0,0
529,1,,,1,1,1
530,1,,,1,1,1
531,0,,,0,0,0
532,0,,,1,0,0
533,0,,,1,1,1
534,1,,,0,0,1
535,1,,,1,1,0
536,0,,,0,0,0
537,1,0.5,,0,1,0
538,1,,,0,0,0
539,0,,,1,1,1
540,1,,,0,0,1
541,0,,,1,1,1
542,0,,,1,1,1
543,1,,,1,1,1
544,1,,,0,0,1
545,1,,,1,1,1
546,1,0.5,,1,1,1
547,1,0.5,,0,1,0
548,0,0.1,,0,0,0
549,1,0.5,,1,1,1
550,1,,,0,1,1
551,1,,,1,1,1
552,1,,,1,1,0
553,0,,,1,1,1
554,1,,,0,0,0
555,0,,,0,0,0
556,1,,,0,0,0
557,0,,,0,0,0
558,1,0.3,,0,0,0
559,1,,,0,0,0
560,0,,,0,0,0
561,1,,,1,1,1
562,0,,,0,0,0
563,0,,,1,1,1
564,1,,,0,0,0
565,1,,,1,1,1
566,1,0.3,,0,0,0
567,1,,,0,0,0
568,1,,,1,1,1
569,1,,,1,1,1
570,0,,,1,1,0
571,1,,,1,1,1
572,1,,,0,0,0
573,1,,,0,0,0
574,1,,,1,1,1
575,1,,,1,1,1
576,1,,,0,0,0
577,0,,,1,1,1
578,1,,,1,1,1
579,0,,,1,1,1
580,0,,,0,1,0
581,1,,,0,0,0
582,1,,,1,1,1
583,0,,,0,0,0
584,1,,,1,1,1
585,1,,,1,1,1
586,1,,,1,1,1
587,1,,,0,0,0
588,1,,,1,1,1
589,0,,,1,1,1
590,1,0.5,,1,1,1
591,1,,,0,0,0
592,0,,,0,0,0
593,0,,,0,0,0
594,1,,,0,0,1
595,0,,,1,1,1
596,1,0.5,,0,0,0
597,0,,,1,1,0
598,1,,,1,1,1
599,0,,,0,0,0
600,0,,,1,1,1
601,1,,,0,1,0
602,0,,,0,0,0
603,0,,,1,1,1
604,1,0.5,,1,1,1
605,0,,,0,0,0
606,1,0.5,,1,1,1
607,1,,,1,1,1
608,1,,,1,1,1
609,0,0.1,,1,1,1
610,1,,,0,0,0
611,1,,,0,0,0
612,1,,,0,0,1
613,0,,,1,1,1
614,1,,,1,1,1
615,1,,,0,1,1
616,1,,,0,0,0
617,1,,,1,1,1
618,0,,,1,1,1
619,1,0.5,,0,0,1
620,1,0.5,,0,0,0
621,1,,,0,1,0
622,1,,,1,1,1
623,1,,,0,0,0
624,0,,,0,0,0
625,1,,,1,1,1
626,0,,,0,0,0
627,1,0.5,,0,0,0
628,1,,,0,0,0
629,1,,,0,0,0
630,1,,,0,0,1
631,1,,,0,0,0
632,0,,,1,1,0
633,0,,,1,1,1
634,0,,,0,0,0
635,1,,,0,0,0
636,0,,,1,1,1
637,1,0.5,,0,0,0
638,0,,,0,0,0
639,1,,,0,0,0
640,1,,,1,1,1
641,0,,,1,1,1
642,0,,,0,0,0
643,1,0.3,,0,0,0
644,1,,,0,0,0
645,0,,,1,1,1
646,1,,,1,1,1
647,1,,,0,0,1
648,1,,,1,1,1
649,1,,,1,1,1
650,1,,,1,1,1
651,0,,,0,0,0
652,1,,,0,1,0
653,1,,,1,1,1
654,1,,,0,0,0
655,0,,,0,0,0
656,0,,,1,1,1
657,0,,,1,1,1
658,0,,,1,1,1
659,0,,,1,1,1
660,1,,,0,0,0
661,1,,,1,1,1
662,1,0.4,,1,1,0
663,1,,,0,0,0
664,0,,,0,0,0
665,0,,,1,1,1
666,1,,,0,0,0
667,1,,,1,1,1
668,1,,,1,1,1
669,1,,,1,1,1
670,1,,,0,0,0
671,1,,,0,0,0
672,1,,,0,0,0
673,1,,,1,0,0
674,0,,,1,1,1
675,1,,,0,0,0
676,0,,,0,1,0
677,1,,,1,1,1
678,1,,,1,1,1
679,1,,,0,0,0
680,1,0.4,,0,0,0
681,0,,,1,1,1
682,1,,,0,0,0
683,1,,,1,1,1
684,1,0.5,,0,1,1
685,1,,,1,1,1
686,1,0.4,,0,0,0
687,1,,,0,0,0
688,1,,,0,0,0
689,1,,,1,1,1
690,0,,,1,1,1
691,1,,,1,0,1
692,0,,,0,0,0
693,1,,,0,0,0
694,1,,,1,1,1
695,0,,,1,1,1
696,1,,,0,0,0
697,1,0.5,,1,1,1
698,0,,,0,0,0
699,0,,,1,1,1
700,1,,,1,1,1
701,1,,,1,1,1
702,0,,,1,1,1
703,1,,,1,1,1
704,1,,,1,1,1
705,1,,,1,1,1
706,0,,,0,0,0
707,1,,,1,1,1
708,1,,,0,0,0
709,1,,,0,0,1
710,0,,,0,0,0
711,1,,,1,1,1
712,1,,,1,1,1
713,0,,,1,1,1
714,0,,,1,1,1
715,1,,,0,0,0
716,1,,,1,1,1
717,0,,,0,0,0
718,1,,,0,0,1
719,1,,,1,1,1
720,0,,,0,0,0
721,1,,,0,0,1
722,1,,,0,0,1
723,1,0.5,,1,1,1
724,1,,,1,1,1
725,0,,,1,1,1
726,0,,,1,1,1
727,1,,,1,1,1
728,1,0.5,,0,0,0
729,0,,,0,0,0
730,0,,,1,1,1
731,1,,,1,1,0
732,1,,,1,1,1
733,1,,,1,1,1
734,0,,,0,0,0
735,1,,,1,1,1
736,1,,,0,0,0
737,0,0.1,,0,0,0
738,0,,,1,1,1
739,1,,,0,1,0
740,1,,,0,0,0
741,1,,,0,0,0
742,1,,,1,1,1
743,1,,,1,1,1
744,1,,,1,1,1
745,1,0.5,,0,0,0
746,1,,,0,1,0
747,0,,,0,0,0
748,1,,,1,1,1
749,0,0.2,,0,0,0
750,0,,,1,1,1
751,1,,,0,0,0
752,0,,,0,0,0
753,1,,,1,1,1
754,0,,,0,0,0
755,1,,,1,1,1
756,1,0.5,,0,0,0
757,0,,,0,0,0
758,0,,,0,0,0
759,1,,,0,0,0
760,1,,,0,0,0
761,1,,,1,1,1
762,0,,,0,0,0
763,0,,,1,1,1
764,1,,,0,0,0
765,1,,,1,1,1
766,1,,,1,1,1
767,1,0.5,,0,0,0
768,0,,,0,0,0
769,1,,,1,1,1
770,1,,,1,1,1
771,1,,,1,1,1
772,1,,,1,1,1
773,0,,,1,1,1
774,1,,,0,0,0
775,0,,,0,0,0
776,1,,,0,0,0
777,1,0.5,,0,1,1
778,1,,,0,0,0
779,1,0.5,,0,0,0
780,1,,,0,0,0
781,0,,,1,1,1
782,1,,,0,0,0
783,0,,,0,0,0
784,0,,,0,0,0
785,1,,,1,1,1
786,1,,,1,1,1
787,1,,,1,1,1
788,1,0.5,,1,1,1
789,1,,,1,1,1
790,1,,,1,1,1
791,0,,,1,1,1
792,1,,,1,1,1
793,1,,,1,1,0
794,1,0.4,,0,0,0
795,0,,,0,0,0
796,1,,,1,1,0
797,1,,,1,1,1
798,1,,,0,0,0
799,1,0.4,,0,0,0
800,1,,,0,0,0
801,1,,,0,0,0
802,1,,,1,1,1
803,0,,,0,0,0
804,1,,,1,1,1
805,0,0.1,,0,0,1
806,1,,,0,1,1
807,1,,,1,1,1
808,0,,,0,0,0
809,1,,,0,0,0
810,1,,,1,1,1
811,0,,,1,1,1
812,1,,,1,1,1
813,1,,,1,1,1
814,1,,,0,0,0
815,1,,,0,0,0
816,1,,,0,0,1
817,1,,,0,0,0
818,1,,,0,0,0
819,1,,,0,0,0
820,0,,,1,1,1
821,0,,,1,1,1
822,1,,,1,1,1
823,1,,,0,0,0
824,1,0.5,,1,1,1
825,1,,,0,0,0
826,1,,,1,1,1
827,1,,,1,0,1
828,0,,,1,1,1
829,1,,,1,1,1
830,1,,,0,0,0
831,1,,,1,1,1
832,0,,,1,1,1
833,0,0.2,,0,0,0
834,1,,,1,1,1
835,0,,,0,0,0
836,0,,,0,0,0
837,0,,,0,0,0
838,1,,,1,1,1
839,1,,,0,0,0
840,0,,,1,1,1
841,0,,,1,1,1
842,0,0.2,,0,0,0
843,0,,,0,0,0
844,0,,,0,0,0
845,1,,,1,1,1
846,1,,,0,0,0
847,1,,,1,1,1
848,1,,,1,1,1
849,1,,,1,1,1
850,1,,,0,0,0
851,1,,,1,1,0
852,0,,,0,0,0
853,0,,,1,1,1
854,0,,,0,0,0
855,0,,,0,0,0
856,1,0.5,,0,0,0
857,0,,,1,1,1
858,0,,,0,0,0
859,0,,,0,0,1
860,1,0.3,,1,1,0
861,0,,,1,1,1
862,1,,,1,1,1
863,1,,,1,1,1
864,1,,,1,1,1
865,0,,,1,1,1
866,1,,,0,0,0
867,1,0.4,,1,1,1
868,1,,,0,0,0
869,1,,,0,0,0
870,0,,,0,0,0
871,0,,,1,1,1
872,1,,,1,1,1
873,1,,,0,0,1
874,1,,,0,0,0
875,0,,,0,0,0
876,0,,,1,1,1
877,1,,,1,1,1
878,1,,,0,0,0
879,1,,,1,1,1
880,0,,,1,1,1
881,1,,,0,0,0
882,1,,,1,1,1
883,1,,,1,1,1
884,0,,,0,0,0
885,1,,,0,0,0
886,0,,,1,1,1
887,0,,,0,0,0
888,0,,,0,0,0
889,0,,,1,1,1
890,0,,,0,0,0
891,1,,,1,0,0
892,1,,,1,1,1
893,0,,,1,1,1
894,1,,,0,0,0
895,0,,,0,0,0
896,0,,,1,1,1
897,1,0.4,,1,1,1
898,0,,,0,0,0
899,0,,,1,1,1
900,1,0.5,,0,0,1
901,1,,,1,1,1
902,1,,,1,1,1
903,0,,,0,0,0
904,0,,,0,0,1
905,1,,,1,1,1
906,0,0.1,,0,0,0
907,0,,,0,0,0
908,1,,,1,1,1
909,0,,,1,1,1
910,1,,,0,0,0
911,0,,,0,1,0
912,0,,,1,1,1
913,1,,,1,1,1
914,0,,,0,0,0
915,0,,,0,0,0
916,1,,,0,0,0
917,0,,,1,1,1
918,1,0.5,,0,0,0
919,1,,,1,1,1
920,0,0.3,,0,0,0
921,1,,,1,1,1
922,1,,,0,0,0
923,0,,,1,1,1
924,1,,,1,1,1
925,1,,,1,1,1
926,1,,,1,1,1
927,1,,,0,0,0
928,0,,,1,1,1
929,0,,,1,1,1
930,1,0.5,,0,0,0
931,1,,,0,0,0
932,1,,,1,1,1
933,1,,,1,1,1
934,0,,,1,1,1
935,0,,,0,0,0
936,1,,,1,1,1
937,1,,,1,1,1
938,1,,,1,1,1
939,0,,,1,1,1
940,0,,,1,1,1
941,1,,,1,1,1
942,1,,,1,1,1
943,1,,,1,1,1
944,0,,,1,1,1
945,1,,,0,0,0
946,1,,,1,1,1
947,1,0.5,,0,1,0
948,1,,,0,0,0
949,1,,,1,1,1
950,0,,,1,1,1
951,1,,,0,0,0
952,1,,,1,1,1
953,1,,,1,1,1
954,1,,,1,0,1
955,1,,,0,0,0
956,0,,,0,0,0
957,1,,,1,1,1
958,0,,,0,0,0
959,1,,,0,0,0
960,1,,,0,0,0
961,0,,,0,0,0
962,0,,,0,0,0
963,1,,,0,0,1
964,0,,,1,1,1
965,0,,,0,0,0
966,1,,,1,1,1
967,0,,,0,0,0
968,1,,,1,1,1
969,1,,,0,0,0
970,1,,,1,1,1
971,1,,,0,0,1
972,0,,,1,1,1
973,0,,,0,0,0
974,0,,,0,0,0
975,1,,,1,1,1
976,0,,,1,1,1
977,0,,,0,0,0
978,1,,,0,0,0
979,0,,,1,1,1
980,1,,,0,0,0
981,0,,,0,0,0
982,0,,,1,1,1
983,0,,,0,0,0
984,0,,,1,1,1
985,1,,,1,1,1
986,1,,,0,0,0
987,1,,,0,0,0
988,1,,,0,0,0
989,1,,,0,0,0
990,1,,,0,0,0
991,0,,,0,0,0
992,1,,,1,1,0
993,0,,,0,0,0
994,1,,,0,0,0
995,1,,,0,0,0
996,0,,,0,0,0
997,0,,,1,1,1
998,1,,,0,0,0
999,1,,,0,0,0
1000,0,,,1,1,1
1001,0,,,0,0,0
1002,1,,,0,0,0
1003,0,,,1,1,1
1004,1,0.5,,0,0,0
1005,0,,,0,0,0
1006,0,,,0,0,0
1007,1,,,1,1,1
1008,1,,,0,0,0
1009,0,,,0,0,0
1010,0,,,1,1,1
1011,1,,,0,0,0
1012,1,,,0,0,0
1013,1,,,0,0,0
1014,0,,,0,0,0
1015,0,,,0,0,0
1016,1,,,0,0,0
1017,1,,,0,0,0
1018,1,,,0,0,0
1019,0,,,0,0,0
1020,0,,,1,1,1
1021,1,,,1,1,1
1022,1,,,1,1,1
1023,1,,,0,0,0
1024,1,,,0,0,0
1025,1,,,0,0,0
1026,1,,,0,0,0
1027,1,,,1,1,1
1028,1,,,1,1,1
1029,1,,,1,0,1
1030,1,,,1,1,1
1031,1,,,1,1,1
1032,1,,,1,1,1
1033,0,,,0,0,0
1034,0,,,1,1,1
1035,1,,,0,0,0
1036,0,,,1,1,1
1037,1,,,0,0,0
1038,1,,,1,1,1
1039,1,,,1,1,1
1040,1,,,1,1,1
1041,0,,,1,1,1
1042,1,,,0,0,0
1043,1,,,1,1,1
1044,1,,,1,1,1
1045,0,,,1,1,1
1046,1,,,0,0,0
1047,1,,,1,1,1
1048,0,,,1,1,1
1049,1,,,1,1,1
1050,1,,,0,0,0
1051,0,,,0,0,0
1052,1,,,0,0,0
1053,1,,,0,1,0
1054,1,,,0,0,0
1055,1,,,1,1,1
1056,1,,,1,1,0
1057,0,0.1,,0,0,0
1058,0,,,0,0,0
1059,1,,,0,0,0
1060,0,,,1,1,1
1061,0,,,0,0,0
1062,1,,,1,0,0
1063,1,,,0,0,1
1064,0,,,0,0,0
1065,1,,,0,0,0
1066,0,,,1,1,1
1067,0,,,0,1,0
1068,1,,,0,0,1
1069,0,,,0,0,0
1070,1,,,0,0,0
1071,1,,,1,1,1
1072,1,,,1,1,1
1073,0,,,1,1,1
1074,1,,,1,1,1
1075,0,0.2,,0,0,0
1076,0.5,,,1,1,1
1077,0,,,0,1,0
1078,1,,,0,0,0
1079,0,,,0,0,1
1080,1,,,1,1,1
1081,1,,,0,0,0
1082,0,,,1,1,1
1083,1,,,1,1,1
1084,0,,,0,0,0
1085,0,,,0,0,0
1086,0,,,0,0,0
1087,1,,,0,0,0
1088,0,,,1,1,1
1089,1,,,1,1,1
1090,0,,,0,1,0
1091,1,,,1,0,1
1092,0,,,0,0,0
1093,1,0.4,,0,0,0
1094,1,,,0,0,1
1095,0,,,0,0,0
1096,1,,,0,0,0
1097,1,,,1,1,1
1098,1,0.5,,0,0,0
1099,1,,,1,1,1
1100,1,,,1,1,1
1101,1,,,1,1,1
1102,1,,,0,0,0
1103,0,,,0,0,0
1104,1,,,0,0,0
1105,0,,,1,1,1
1106,0,,,0,0,0
1107,1,,,1,1,1
1108,1,,,1,1,1
1109,1,,,1,1,1
1110,1,,,1,1,1
1111,1,,,0,0,0
1112,0,,,0,0,0
1113,1,,,1,1,0
1114,1,,,0,0,0
1115,1,,,0,0,0
1116,0,,,1,1,1
1117,0,,,0,0,0
1118,0,,,1,1,1
1119,0,0.5,,0,0,0
1120,1,,,1,1,1
1121,0,0.2,,0,0,0
1122,1,0,,1,1,1
1123,0,0.3,,0,0,0
1124,1,1,,1,1,1
1125,0,,,1,1,1
1126,1,,,1,1,1
1127,0.5,,,0,0,0
1128,0,,,1,1,1
1129,1,,,0,0,0
1130,0,,,0,0,0
1131,0,,,0,0,0
1132,1,,,1,1,1
1133,1,,,1,0,1
1134,1,,,0,0,0
1135,1,,,1,1,1
1136,1,,,0,0,0
1137,0,,,0,0,0
1138,0,,,1,1,1
1139,0,,,0,0,0
1140,0,,,0,0,0
1141,0,,,1,1,1
1142,0,,,1,1,1
1143,1,,,0,1,0
1144,1,,,1,1,1
1145,1,,,1,1,1
1146,1,,,0,0,0
1147,1,,,0,0,0
1148,0,,,0,0,0
1149,1,,,1,1,1
1150,0,,,1,1,1
1151,1,,,1,1,1
1152,1,,,0,0,0
1153,1,,,1,1,1
1154,1,,,0,0,0
1155,0,,,0,0,0
1156,1,,,1,1,1
1157,1,,,0,0,0
1158,1,,,1,1,1
1159,1,,,1,1,1
1160,1,,,1,1,1
1161,1,,,1,1,1
1162,1,0.5,,0,0,1
1163,0,,,0,1,0
1164,1,,,0,0,0
1165,1,,,1,1,1
1166,1,0.5,,1,1,1
1167,0,,,0,0,0
1168,1,0.5,,0,0,0
1169,1,,,0,0,0
1170,1,,,1,1,1
1171,1,,,1,1,1
1172,0,,,0,0,1
1173,1,,,0,1,1
1174,0,,,0,0,0
1175,1,,,1,1,1
1176,1,,,0,0,0
1177,1,,,0,0,0
1178,1,,,0,0,0
1179,1,,,1,1,1
1180,0,,,1,1,1
1181,1,,,1,1,1
1182,1,0.5,,0,0,0
1183,1,,,1,1,1
1184,0,,,1,1,1
1185,1,0.5,,0,0,0
1186,1,,,0,0,0
1187,0,,,1,1,1
1188,1,,,1,1,1
1189,0,,,1,1,1
1190,1,,,1,1,1
1191,0,,,1,1,1
1192,1,,,1,0,1
1193,1,,,1,1,1
1194,1,,,1,1,1
1195,1,,,0,0,0
1196,0,,,0,0,0
1197,1,,,1,1,1
1198,1,,,0,0,0
1199,0,0.1,,0,0,0
1200,1,0.5,,1,1,1
1201,1,,,1,1,1
1202,1,,,1,1,1
1203,0,,,0,0,0
1204,1,,,1,1,0
1205,0,,,0,0,0
1206,0,,,0,0,0
1207,1,,,0,0,1
1208,0,0.1,,0,0,0
1209,1,,,1,1,0
1210,0,,,0,0,0
1211,0,,,0,0,0
1212,1,,,1,1,1
1213,1,0.5,,0,1,0
1214,0,,,1,1,1
1215,1,,,1,0,0
1216,0,,,1,1,1
1217,1,,,1,1,1
1218,1,,,1,1,1
1219,1,0.5,,0,0,0
1220,1,,,1,1,1
1221,1,,,0,0,0
1222,0,,,1,1,1
1223,0,,,0,0,0
1224,0,,,1,1,1
1225,1,0.5,,0,1,1
1226,0,,,0,0,0
1227,1,0.5,,0,0,0
1228,1,,,1,1,1
1229,0,,,1,1,1
1230,0,,,1,1,1
1231,1,,,1,1,1
1232,1,0.5,,1,1,1
1233,1,,,0,0,0
1234,0,,,1,1,1
1235,1,,,1,1,1
1236,1,,,1,1,1
1237,0,,,1,1,1
1238,1,,,0,0,0
1239,1,0.5,,0,0,0
1240,0,,,1,1,1
1241,1,0.5,,0,0,0
1242,1,0.5,,0,0,0
1243,1,,,1,1,1
1244,0,,,1,1,1
1245,1,0.5,,0,0,0
1246,1,0.5,,1,1,1
1247,1,,,1,1,1
1248,1,,,1,1,1
1249,0,,,1,1,1
1250,0,,,0,0,0
1251,1,,,0,0,0
1252,1,,,0,0,0
1253,1,,,1,0,1
1254,0,,,1,0,0
1255,1,,,1,1,1
1256,1,0.5,,0,0,0
1257,1,,,1,1,1
1258,0,,,1,1,1
1259,1,,,1,1,1
1260,0,,,1,1,1
1261,1,,,1,0,1
1262,0,,,0,0,0
1263,0,,,0,0,0
1264,0,,,0,0,0
1265,1,,,1,1,1
1266,0,0.1,,0,0,0
1267,0,,,1,1,1
1268,1,,,1,1,1
1269,1,,,1,1,1
1270,1,,,1,1,1
1271,0,,,1,1,1
1272,0,,,0,0,0
1273,1,,,1,1,1
1274,0,,,1,1,1
1275,1,,,0,0,0
1276,0,,,1,1,1
1277,1,,,0,0,0
1278,1,,,1,1,1
1279,0,,,0,0,0
1280,0,,,1,1,1
1281,1,,,0,0,0
1282,0,,,1,1,1
1283,0,,,0,0,0
1284,1,,,0,0,0
1285,1,,,0,0,0
1286,0,0.1,,0,0,0
1287,1,0.5,,1,1,1
1288,1,,,1,1,1
1289,1,0.4,,0,1,0
1290,1,,,0,0,0
1291,1,,,0,0,0
1292,1,,,0,0,0
1293,0,,,1,1,1
1294,1,,,1,1,1
1295,1,,,1,1,1
1296,1,,,1,1,1
1297,1,,,1,0,0
1298,0,,,1,1,1
1299,1,,,1,1,1
1300,1,,,0,0,0
1301,0,,,0,0,0
1302,1,0.5,,1,1,1
1303,1,,,1,1,1
1304,0,,,0,0,0
1305,1,,,0,0,0
1306,1,,,0,0,0
1307,1,,,1,0,0
1308,1,0.5,,0,0,0
1309,1,,,1,1,1
1310,0,,,0,0,0
1311,0,,,1,1,1
1312,1,,,1,1,1
1313,1,0.5,,0,0,0
1314,0,,,0,0,0
1315,0,,,1,1,1
1316,1,0.3,,0,0,0
1317,1,,,0,0,0
1318,0,,,1,1,1
1319,1,,,0,0,1
1320,1,0.5,,0,1,0
1321,1,,,1,1,1
1322,1,,,0,0,0
1323,1,0.3,,0,0,0
1324,1,0.3,,1,1,1
1325,1,0.4,,0,0,0
1326,1,,,0,0,0
1327,0,,,1,1,1
1328,1,0.5,,0,0,0
1329,0,,,0,0,0
1330,1,,,0,0,0
1331,0,,,0,0,0
1332,0,,,0,0,0
1333,1,,,1,1,1
1334,1,0.5,,0,0,0
1335,0,,,0,0,0
1336,0,,,1,1,1
1337,0,0.1,,0,0,0
1338,1,,,1,1,1
1339,0,,,0,0,0
1340,1,0.5,,1,1,1
1341,0,,,1,1,1
1342,1,,,0,0,0
1343,1,,,1,1,1
1344,1,,,0,0,0
1345,0,,,1,1,1
1346,0,,,0,0,0
1347,1,,,0,0,0
1348,1,,,1,1,1
1349,1,,,1,1,1
1350,0,,,0,0,0
1351,1,0.5,,0,0,0
1352,1,0.5,,0,0,0
1353,1,,,1,1,1
1354,1,0.5,,0,0,0
1355,1,,,1,1,1
1356,1,,,0,0,0
1357,1,,,1,1,1
1358,0,,,0,0,0
1359,1,,,1,1,1
1360,0,,,0,0,0
1361,1,,,1,1,1
1362,1,,,1,1,1
1363,1,,,0,0,1
1364,1,,,0,0,0
1365,0,,,1,1,1
1366,0,0.1,,0,0,0
1367,0,,,0,0,0
1368,1,,,0,0,0
1369,0,,,1,1,1
1370,1,,,1,1,1
1371,1,,,0,0,0
1372,0,,,1,1,1
1373,0,,,0,0,0
1374,0,,,1,1,1
1375,0,,,1,1,1
1376,1,,,1,1,1
1377,0,,,0,0,0
1378,0,,,0,0,0
1379,0,,,1,1,1
1380,0,,,1,1,1
1381,0,,,1,1,1
1382,0,,,0,0,0
1383,1,,,0,0,0
1384,0,,,0,0,0
1385,1,,,0,0,0
1386,0,,,0,0,0
1387,1,,,0,0,0
1388,1,,,1,1,1
1389,1,,,0,0,0
1390,1,,,0,0,1
1391,1,,,1,0,0
1392,1,,,1,1,1
1393,1,,,1,1,1
1394,1,,,1,1,1
1395,0,,,1,1,1
1396,1,,,1,1,1
1397,1,,,1,1,1
1398,1,,,1,1,1
1399,1,,,0,0,0
1400,1,,,1,1,1
1401,1,,,1,1,1
1402,1,,,0,0,0
1403,0,,,0,0,0
1404,0,,,1,1,1
1405,0,,,1,1,1
1406,0,,,0,0,1
1407,0,,,1,1,1
1408,1,,,1,1,1
1409,0,,,1,1,1
1410,1,,,1,1,1
1411,0,,,1,0,0
1412,0,,,0,0,0
1413,1,,,0,0,1
1414,1,,,0,0,0
1415,1,,,1,1,1
1416,0,,,1,1,1
1417,1,,,0,0,0
1418,0,,,1,1,1
1419,1,,,0,0,0
1420,0,,,0,0,0
1421,0,,,1,1,1
1422,1,,,1,1,1
1423,0,,,0,0,0
1424,1,,,1,1,1
1425,1,,,1,1,0
1426,1,,,1,0,0
1427,0,,,0,0,0
1428,1,,,1,0,1
1429,0,,,1,1,0
1430,0,,,0,0,0
1431,0,,,0,0,0
1432,1,,,1,1,0
1433,1,,,0,0,0
1434,1,,,0,0,0
1435,0,,,1,1,1
1436,1,,,1,1,1
1437,0,0.1,,0,0,0
1438,0,0.1,,0,0,0
1439,1,,,1,1,1
1440,0,,,0,0,0
1441,1,,,1,1,1
1442,1,,,1,1,1
1443,1,,,0,0,0
1444,0,,,1,1,1
1445,0,,,1,1,1
1446,1,,,1,1,1
1447,0,,,1,1,1
1448,1,,,0,0,0
1449,1,,,1,1,1
1450,1,0.5,,1,1,1
1451,1,,,0,0,0
1452,1,,,1,1,1
1453,1,0.5,,0,0,0
1454,0,,,0,0,0
1455,1,,,1,1,1
1456,1,,,1,1,1
1457,1,0.5,,1,1,1
1458,1,,,0,0,0
1459,0,,,0,0,0
1460,1,,,0,0,0
1461,1,,,0,0,0
1462,1,,,1,1,1
1463,1,,,1,1,1
1464,0,,,1,0,0
1465,1,,,0,0,0
1466,1,,,1,1,1
1467,0,,,1,1,1
1468,1,,,1,1,1
1469,1,0.5,,0,0,0
1470,1,0.5,,0,0,0
1471,1,,,0,0,0
1472,1,,,1,1,1
1473,0,,,1,1,1
1474,1,,,1,1,1
1475,1,,,0,0,1
1476,1,,,0,0,0
1477,1,0.5,,0,0,0
1478,0,,,1,1,1
1479,1,,,1,1,1
1480,0,,,1,1,0
1481,0,,,1,1,1
1482,0,,,0,0,0
1483,1,,,1,0,0
1484,0,,,1,1,1
1485,1,0.5,,0,0,0
1486,1,,,0,0,0
1487,1,0.5,,0,0,0
1488,0,,,1,1,1
1489,1,,,1,1,1
1490,0,,,1,1,1
1491,0,,,1,1,1
1492,1,0.5,,0,0,0
1493,1,,,1,1,1
1494,0,,,0,0,0
1495,0,,,1,1,1
1496,1,0.5,,0,0,0
1497,1,0.5,,0,0,0
1498,1,,,1,1,1
1499,0,,,0,0,0
1500,1,,,1,1,1
1501,1,,,1,1,0
1502,0,,,0,0,0
1503,1,,,1,1,0
1504,1,,,1,1,1
1505,1,,,1,1,1
1506,1,,,1,1,1
1507,1,,,0,0,0
1508,1,,,1,0,1
1509,1,,,1,1,1
1510,1,,,1,1,1
1511,1,0.5,,1,1,1
1512,0,,,1,1,1
1513,1,,,1,1,1
1514,0,,,1,1,1
1515,0,,,0,0,0
1516,1,,,0,0,0
1517,1,,,1,1,1
1518,0,,,1,1,1
1519,1,,,1,1,1
1520,1,,,1,1,1
1521,1,,,1,1,1
1522,1,,,1,1,1
1523,1,0.5,,0,0,0
1524,1,0.5,,0,0,0
1525,1,,,0,0,0
1526,1,0.5,,0,0,0
1527,1,,,0,0,0
1528,0,,,1,1,1
1529,1,,,1,1,1
1530,0,,,0,0,0
1531,1,0.5,,0,0,0
1532,0,,,0,0,0
1533,1,,,1,1,1
1534,1,,,0,0,0
1535,0,0.1,,0,0,0
1536,1,,,0,0,0
1537,1,,,0,0,0
1538,1,,,0,0,0
1539,1,,,1,1,1
1540,1,,,1,1,0
1541,1,,,1,1,1
1542,1,,,1,1,1
1543,1,,,0,0,0
1544,0,,,1,1,1
1545,0,,,1,1,1
1546,1,,,1,1,1
1547,0,,,0,0,0
1548,0,0.1,,0,0,0
1549,0,,,1,1,1
1550,0,,,1,1,1
1551,1,,,1,0,1
1552,0,,,1,1,1
1553,1,,,1,1,1
1554,0,,,0,0,0
1555,1,,,1,1,1
1556,1,,,1,1,1
1557,0,,,1,0,1
1558,1,,,0,0,0
1559,1,,,0,0,0
1560,0,,,0,0,0
1561,1,,,1,1,1
1562,1,,,0,0,0
1563,1,,,1,1,1
1564,1,,,0,0,0
1565,1,,,1,0,1
1566,0,,,0,0,0
1567,1,,,1,1,1
1568,1,,,1,1,1
1569,1,,,1,1,1
1570,1,,,1,1,1
1571,1,,,0,0,0
1572,1,,,1,1,1
1573,0,,,1,1,1
1574,1,,,0,0,0
1575,0,,,1,0,1
1576,1,,,0,0,0
1577,1,,,1,1,1
1578,1,,,0,0,0
1579,0,,,0,0,0
1580,1,,,1,1,1
1581,1,,,0,0,1
1582,1,,,0,0,0
1583,0,,,0,0,0
1584,1,,,1,1,1
1585,1,,,0,0,0
1586,1,,,0,0,0
1587,0,,,1,1,1
1588,1,,,1,1,0
1589,1,,,0,0,0
1590,1,,,1,1,1
1591,1,,,1,1,1
1592,0,,,0,0,0
1593,0,,,0,0,0
1594,1,,,1,1,1
1595,0,0.1,,0,0,0
1596,1,,,0,0,0
1597,0,,,1,1,1
1598,1,,,1,1,1
1599,1,,,1,1,1
1600,1,,,1,1,1
1601,0,,,0,0,0
1602,0,,,1,1,1
1603,0,,,1,1,1
1604,1,,,1,1,1
1605,1,,,1,1,1
1606,1,0.5,,0,0,0
1607,0,,,0,0,0
1608,1,,,0,0,1
1609,0,,,1,1,1
1610,0,,,0,0,0
1611,1,,,1,1,1
1612,1,,,1,1,1
1613,1,0.5,,0,0,0
1614,1,,,1,1,1
1615,1,,,0,0,0
1616,1,,,0,0,0
1617,0,,,0,0,0
1618,1,,,1,1,1
1619,1,0.5,,0,0,0
1620,0,,,0,0,0
1621,1,,,0,0,0
1622,1,,,0,0,0
1623,1,,,1,1,1
1624,1,,,1,1,1
1625,0,,,0,0,0
1626,1,,,0,0,0
1627,0,,,1,1,0
1628,0,,,1,1,1
1629,1,,,0,0,0
1630,1,,,1,1,1
1631,1,,,0,0,0
1632,1,,,0,0,0
1633,0,,,0,0,0
1634,1,,,0,0,0
1635,0,,,1,1,1
1636,0,,,0,0,0
1637,1,,,1,1,1
1638,0,,,0,0,0
1639,1,0.5,,0,0,1
1640,1,,,1,1,1
1641,1,,,0,0,0
1642,0,,,0,0,1
1643,1,,,0,0,0
1644,1,,,1,1,1
1645,0,,,0,0,0
1646,0,,,0,0,0
1647,1,,,1,1,1
1648,0,,,0,0,0
1649,1,,,1,1,1
1650,1,,,0,0,0
1651,1,,,0,0,0
1652,1,,,1,1,1
1653,1,0.5,,0,0,0
1654,0,,,0,0,0
1655,1,,,0,0,0
1656,1,,,1,1,1
1657,1,,,0,0,0
1658,1,,,0,0,0
1659,1,,,0,0,0
1660,1,,,1,1,1
1661,0,,,1,1,1
1662,1,,,0,0,0
1663,1,,,1,1,1
1664,0,,,1,1,1
1665,1,,,0,0,1
1666,1,,,1,1,1
1667,1,,,0,0,0
1668,0,,,0,0,0
1669,0,,,1,1,1
1670,0,,,0,1,0
1671,1,,,1,1,1
1672,1,,,0,0,0
1673,1,,,1,1,1
1674,0,,,1,1,1
1675,0,,,1,1,1
1676,0,,,1,0,0
1677,1,,,0,0,0
1678,0,,,1,1,0
1679,1,,,1,1,1
1680,1,0.5,,0,0,0
1681,1,,,0,0,0
1682,1,,,1,1,1
1683,1,,,0,0,0
1684,1,0.5,,0,0,0
1685,0,,,1,1,1
1686,0,,,1,1,1
1687,1,,,1,1,1
1688,1,,,0,0,1
1689,0,,,0,0,0
1690,0,,,0,0,0
1691,1,0.5,,0,0,0
1692,1,,,1,1,1
1693,1,,,0,0,0
1694,1,,,1,1,1
1695,0,,,1,1,0
1696,1,,,1,1,1
1697,0,,,1,0,0
1698,1,,,0,0,1
1699,1,,,1,0,1
1700,1,,,1,1,1
1701,1,,,0,0,1
1702,1,,,1,1,1
1703,1,,,1,1,1
1704,0,,,1,1,1
1705,1,,,1,1,1
1706,1,,,1,1,1
1707,1,0.5,,0,0,0
1708,1,,,0,0,0
1709,1,,,0,0,0
1710,0,,,1,1,1
1711,0,,,0,0,0
1712,0,,,0,0,0
1713,1,,,1,1,1
1714,0,,,1,1,1
1715,1,,,1,1,1
1716,0,,,0,1,0
1717,1,,,0,0,0
1718,0,,,0,0,0
1719,0,,,0,0,0
1720,1,,,0,0,0
1721,1,0.5,,1,0,1
1722,1,,,1,0,1
1723,0,,,1,1,1
1724,0,,,1,0,0
,1100,134,,,,
,0.637681159,,,,,
