Date,Pred_PM2.5_NextHour
index_0,16.552785388353904
index_1,28.54602289115272
index_2,21.972938559445215
index_3,20.949613036116173
index_4,27.944334913236034
index_5,32.85094760915733
index_6,16.94523706066139
index_7,23.980814039195597
index_8,39.109156087136824
index_9,9.983390588275617
index_10,23.803149033380137
index_11,20.96423955141469
index_12,30.780837638764734
index_13,16.875806975348674
index_14,18.98420584551594
index_15,54.79031004116931
index_16,54.87409557040648
index_17,4.983397551578615
index_18,10.985459189620217
index_19,6.969635590014415
index_20,29.0098158186062
index_21,8.023394020673026
index_22,1.9962324522734782
index_23,15.001184121642067
index_24,14.658227141154326
index_25,27.917758396578957
index_26,16.892161052742875
index_27,26.89725795962348
index_28,25.90135006065906
index_29,26.63964897615751
index_30,11.957095546145045
index_31,13.935049757411523
index_32,20.835336920452406
index_33,6.887572180740382
index_34,7.9030832789387855
index_35,9.926530696561786
index_36,14.933224548396973
index_37,16.895377827645124
index_38,18.92195149082358
index_39,3.9837141112337444
index_40,13.759713567573625
index_41,8.827223880345189
index_42,13.828347782708791
index_43,9.920673513130982
index_44,10.831127578556302
index_45,12.893752281225385
index_46,7.904018761765375
index_47,2.87150615185357
index_48,4.846377151980339
index_49,5.84978471687762
index_50,0.8352586438165142
index_51,4.899389824473766
index_52,4.820315517976794
index_53,1.8229330566960291
index_54,7.812294310927733
index_55,2.85124612723532
index_56,3.889095715407781
index_57,0.864991451754858
index_58,5.84428214988117
index_59,12.86766072321274
index_60,6.811698039621292
index_61,4.824178912455943
index_62,8.837163066141832
index_63,0.8462273540855494
index_64,8.879680473317679
index_65,12.886771235472201
index_66,4.811983603750714
index_67,11.792017960923864
index_68,8.805272703186278
index_69,6.807557544601048
index_70,4.826143251230077
index_71,15.808951322425024
index_72,14.80325736786581
index_73,10.77666752621216
index_74,12.759684436501834
index_75,6.758443054752478
index_76,14.700756813257902
index_77,16.829053547313894
index_78,17.812914510058736
index_79,18.82573726030304
index_80,23.762531643231043
index_81,21.739778627158913
index_82,20.804405235558292
index_83,16.669512388483515
index_84,18.72137177145239
index_85,6.76913191039034
index_86,9.848284525712033
index_87,12.890310153880653
index_88,11.794435163027078
index_89,7.803410098738531
index_90,10.862907094063251
index_91,9.745881187990484
index_92,7.894780072580639
index_93,5.88502083906599
index_94,8.988267756010746
index_95,3.939210540880999
index_96,7.9475039195303605
index_97,3.9135467115985936
index_98,9.940965354824119
index_99,9.97484036665521
index_100,10.984058359228136
index_101,12.958824923007993
index_102,14.979006150759744
index_103,10.78281962114168
index_104,4.891545138028203
index_105,8.961681163984995
index_106,14.990129668205237
index_107,11.784125554482113
index_108,4.979323210136011
index_109,19.020445866492437
index_110,4.92084734547939
index_111,13.581473352224164
index_112,7.866419471072786
index_113,31.690005247569832
index_114,3.8923358267556663
index_115,16.97069010323903
index_116,15.909768116967083
index_117,17.98259241315863
index_118,7.97502960963355
index_119,10.966373097863006
index_120,7.9244531239431
index_121,13.78704378066574
index_122,22.977933023327704
index_123,18.022784392561167
index_124,37.91907593320717
index_125,12.853775143251692
index_126,14.128688646136714
index_127,25.021117139631194
index_128,26.046911327294676
index_129,12.97251439128121
index_130,11.971646698690403
index_131,12.038284489076513
index_132,12.057677184979363
index_133,25.975693678131194
index_134,38.97800049938254
index_135,48.0055878911323
index_136,14.919071539851718
index_137,20.98449090683289
index_138,29.967489541544595
index_139,46.92733900127216
index_140,15.983344117250969
index_141,10.026763785380876
index_142,27.913232296967944
index_143,35.12127337835766
index_144,21.03177114867763
index_145,21.911865318927013
index_146,12.986746662342131
index_147,33.96954119204861
index_148,17.96528068020764
index_149,33.91763741211641
index_150,44.96207412461284
index_151,21.824573215947034
index_152,29.916485438635906
index_153,11.956455063606999
index_154,2.893393029447741
index_155,19.955382123798415
index_156,5.964450482451739
index_157,14.963903818961773
index_158,6.930502973301564
index_159,11.9955044400802
index_160,17.994286569177664
index_161,2.8777934452690794
index_162,13.809831564861886
index_163,27.06690882403014
index_164,8.862975501470137
index_165,13.939779268654913
index_166,10.834677698103311
index_167,12.890533168738989
index_168,4.876887054123584
index_169,5.85228582267722
index_170,6.8817985764448
index_171,5.8973262089191545
index_172,2.8831413529177206
index_173,1.8675052287373572
index_174,6.85000293047838
index_175,2.910981901149575
index_176,9.876978608992541
index_177,5.858493637795126
index_178,7.871194341604803
index_179,2.867190997693517
index_180,6.883701116880995
index_181,7.8358899996770965
index_182,6.838998193709653
index_183,10.846039953679684
index_184,5.828328163921083
index_185,3.867830343312747
index_186,10.907295604710892
index_187,14.887722870155839
index_188,10.862896802179854
index_189,17.880184060678797
index_190,18.87806761836286
index_191,9.856881081781507
index_192,9.806801017549192
index_193,5.826263084430993
index_194,8.838391811191807
index_195,8.81711446626436
index_196,9.809725190179163
index_197,8.80905299056529
index_198,11.810084370235122
index_199,20.85997264610517
index_200,15.838799935276201
index_201,14.934888282712212
index_202,9.80713180447666
index_203,22.877872829840246
index_204,39.897906465256824
index_205,6.785976664128933
index_206,20.89471922529411
index_207,14.835953800610831
index_208,14.924153323620263
index_209,15.859612803268961
index_210,10.853080786920671
index_211,18.88968939077729
index_212,25.881453412335098
index_213,23.849790203913468
index_214,0.9509174990659953
index_215,7.9721749710757015
index_216,8.944286692720171
index_217,7.923220673813531
index_218,15.920106160565128
index_219,12.980104174413869
index_220,15.975258130035968
index_221,11.941938288508572
index_222,13.989855898675597
index_223,8.003317688349693
index_224,19.970136287356194
index_225,13.987909658308075
index_226,15.97401463968533
index_227,9.91289744854395
index_228,6.955443527015122
index_229,11.022484622288129
index_230,3.9540593594889244
index_231,5.869297267818206
index_232,31.986733606141165
index_233,2.9431608858655514
index_234,16.98157106797758
index_235,17.968234325313276
index_236,15.959444507630229
index_237,7.008188118096729
index_238,11.98324867128266
index_239,14.935901295134682
index_240,9.902174170575304
index_241,10.939521887082625
index_242,39.0558554275331
index_243,10.963866266471186
